-- Insertar PERSONAS
INSERT INTO PERSONAS VALUES ('47339192V', 'Mario', 'Ruano Fernández', '01/11/1989', 'C/ San Antonio, 17',
    'Fuentes de Andalucía', 'Sevilla', '41420', 'mrf1989@hotmail.com', '615337550');
INSERT INTO PERSONAS VALUES ('12345678A', 'María', 'Núñez Ortiz', '12/10/1990', 'Avd. Kansas City, 12, 4ºC',
    'Sevilla', 'Sevilla', '41007', 'm_nuor@gmail.com', '645234184');
INSERT INTO PERSONAS VALUES ('89321345B', 'Pedro', 'López Durán', '23/03/1986', 'C/ Laurel, 23, 1ºB',
    'Sevilla', 'Sevilla', '41005', 'pedro86_lodu@hotmail.com', '611765473');
INSERT INTO PERSONAS VALUES ('23987795C', 'Pablo', 'Cabello Marín', '11/11/1982', 'C/ Narciso, 46, 8ºA',
    'Madrid', 'Madrid', '28015', 'cabello_marin@gmail.com', '658679123');
INSERT INTO PERSONAS VALUES ('43761927D', 'Gloria', 'Ramirez Doblado', '08/01/1998', 'C/ Militante, 12',
    'Alcorcón', 'Madrid', '23104', 'glorado1998@gmail.com', '642132534');
INSERT INTO PERSONAS VALUES ('64090012E', 'Alicia', 'Torcal Molar', '17/09/2004', 'C/ Cerezo, 2, 4ºC',
    'Madrid', 'Madrid', '28086', null, '623168465');
INSERT INTO PERSONAS VALUES ('86239863A', 'María', 'Valero Jaén', '24/12/1994', 'Avd. de los Descubrimientos, 105, 2ºB',
    'Madrid', 'Madrid', '28002', 'mavaj@gmail.com', '676431776');
INSERT INTO PERSONAS VALUES ('45339212G', 'Antonio Jesús', 'Pérez Pérez', '20/08/1986', 'C/ Fragua Mayor, 45, 1º Izq',
    'Getafe', 'Madrid', '28310', 'antonjpp@hotmail.com', '678334521');
INSERT INTO PERSONAS VALUES ('56894432H', 'Andrés', 'Parejo Buendía', '30/05/1988', 'C/ Golondrina, 5',
    'Getafe', 'Madrid', '28310', 'andrew_pb@hotmail.com', '641223987');
INSERT INTO PERSONAS VALUES ('89125642G', 'Sara', 'Orellana Luna', '10/06/2009', 'C/ Molineros, 7, 3ºB',
    'Madrid', 'Madrid', '28017', null, '643998765');
INSERT INTO PERSONAS VALUES ('23559156L', 'Alexis', 'Muriel Hinojosa', '30/09/2001', 'C/ Comunidad Valenciana, 35, 5º Izq',
    'Guadalajara', 'Guadalajara', '31002', null, '684126332');
INSERT INTO PERSONAS VALUES ('66641234M', 'Ángela María', 'Castilla de la Huerta Domínguez', '21/02/1990', 'C/ Anís, 12',
    'Collado Villalba', 'Madrid', '28510', 'angie_castilladom@gmail.com', '610223734');
INSERT INTO PERSONAS VALUES ('10231487L', 'Manuel', 'Castilla de la Huerta López', '02/02/1972', 'C/ Anís, 12',
    'Collado Villalba', 'Madrid', '28510', 'manuel_castilla72@yahoo.com', '610223734');
INSERT INTO PERSONAS VALUES ('57231289R', 'Marcos', 'Gómez Arce', '15/05/1993', 'C/ Tregua, 21, 5ºB',
    'Alcorcón', 'Madrid', '23102', 'magoarce@gmail.com', '698543761');
INSERT INTO PERSONAS VALUES ('61188453K', 'Jénnifer', 'Dionaro Velosso', '18/05/2009', 'Avd. de la Constitución, 56, 2ºB',
    'Madrid', 'Madrid', '28011', null, '644098712');
INSERT INTO PERSONAS VALUES ('98385816W', 'Cristina', 'Caro Caro', '15/08/1991', 'C/ Vallehermoso, 62, 1ºA',
    'Madrid', 'Madrid', '28023', 'ccaroc@deporteydesafio.com', '629123456');
INSERT INTO PERSONAS VALUES ('38656621L', 'Antonio Luis', 'Orellana Smith', '01/09/1980', 'C/ Molineros, 7, 3ºB',
    'Madrid', 'Madrid', '28017', null, '643998765');
INSERT INTO PERSONAS VALUES ('10226644R', 'Alejandra', 'Palomero Jurado', '09/09/1994', 'C/ Almendros, 32, 2ºC',
    'Getafe', 'Madrid', '28311', 'alexandrapj@gmail.com', '666129323');
INSERT INTO PERSONAS VALUES ('81994312Y', 'Paulina', 'Luna Fernández', '17/07/1984', 'C/ Molineros, 7, 3ºB',
    'Madrid', 'Madrid', '28017', 'pauluna84@hotmail.com', '643998765');
INSERT INTO PERSONAS VALUES ('76184359Q', 'Ramón', 'Román Romo', '25/11/1981', 'C/ Bandoleros de la Sierra, 10, 2ºB',
    'Cercedilla', 'Madrid', '27004', 'ramonromo@gmail.com', '678411522');
INSERT INTO PERSONAS VALUES ('61340000T', 'Erica', 'Jimeno Linares', '07/09/1979', 'C/ Helechos, 17, 3ºD',
    'Madrid', 'Madrid', '28004', 'erik_jl@gmail.com', '688739150');
INSERT INTO PERSONAS VALUES ('13227182M', 'Ignacio', 'Vázquez Rial', '11/12/1991', 'Paseo de los Marineros, 23',
    'Lepe', 'Huelva', '40004', 'ignatius1991@gmail.com', '621499732');
INSERT INTO PERSONAS VALUES ('46687881E', 'María Dolores', 'Pilatos Suárez de la Hoz', '15/03/1991', 'C/ Aluminio, 23, 1ºA',
    'Madrid', 'Madrid', '28021', 'maripi_suhoz@gmail.com', '617829955');
INSERT INTO PERSONAS VALUES ('72556794F', 'Estefanía', 'Castellanos Hidalgo', '06/05/1992', 'C/ Poetas del 27, 23, 1ºB',
    'Alcorcón', 'Madrid', '23102', 'esteficahi@gmail.com', '699123654');
INSERT INTO PERSONAS VALUES ('57153559V', 'Mateo', 'Ruiz López', '06/02/1978', 'C/ Miguel Hernández, 27, 2ºB',
    'Madrid', 'Madrid', '28017', 'mateo_ruiz_lopez@gmail.com', '614888909');
INSERT INTO PERSONAS VALUES ('48228964G', 'María', 'Atocha Gómez', '12/12/1992', 'C/ Isabel I, 12',
    'Madrid', 'Madrid', '28001', 'matgomez@gmail.com', '615887998');
    
-- Insertar COORDINADORES
INSERT INTO COORDINADORES(dni) VALUES ('98385816W');

-- Insertar VOLUNTARIOS
INSERT INTO VOLUNTARIOS(dni, prioridadParticipacion) VALUES ('47339192V', 'alta');
INSERT INTO VOLUNTARIOS(dni, prioridadParticipacion) VALUES ('12345678A', 'media');
INSERT INTO VOLUNTARIOS(dni, prioridadParticipacion) VALUES ('57231289R', 'media');
INSERT INTO VOLUNTARIOS(dni, prioridadParticipacion) VALUES ('86239863A', 'alta');
INSERT INTO VOLUNTARIOS(dni, prioridadParticipacion) VALUES ('13227182M', 'baja');
INSERT INTO VOLUNTARIOS(dni, prioridadParticipacion) VALUES ('46687881E', 'baja');
INSERT INTO VOLUNTARIOS(dni, prioridadParticipacion) VALUES ('72556794F', 'alta');

-- Insertar TUTORES LEGALES
INSERT INTO TUTORESLEGALES(dni) VALUES ('38656621L');
INSERT INTO TUTORESLEGALES(dni) VALUES ('10231487L');
INSERT INTO TUTORESLEGALES(dni) VALUES ('89321345B');
INSERT INTO TUTORESLEGALES(dni) VALUES ('45339212G');
INSERT INTO TUTORESLEGALES(dni) VALUES ('56894432H');
INSERT INTO TUTORESLEGALES(dni) VALUES ('81994312Y');
INSERT INTO TUTORESLEGALES(dni) VALUES ('76184359Q');
INSERT INTO TUTORESLEGALES(dni) VALUES ('61340000T');
INSERT INTO TUTORESLEGALES(dni) VALUES ('57153559V');

-- Insertar PARTICIPANTES
INSERT INTO PARTICIPANTES(dni, gradoDiscapacidad, prioridadParticipacion, OID_Tut, OID_Vol) VALUES ('23987795C', 0.4, 'alta', 3, 1);
INSERT INTO PARTICIPANTES(dni, gradoDiscapacidad, prioridadParticipacion, OID_Tut, OID_Vol) VALUES ('66641234M', 0.6, 'media', 2, 2);
INSERT INTO PARTICIPANTES(dni, gradoDiscapacidad, prioridadParticipacion, OID_Tut, OID_Vol) VALUES ('43761927D', 0.5, 'alta', 1, 3);
INSERT INTO PARTICIPANTES(dni, gradoDiscapacidad, prioridadParticipacion, OID_Tut, OID_Vol) VALUES ('10226644R', 0.45, 'baja', 4, 4);
INSERT INTO PARTICIPANTES(dni, gradoDiscapacidad, prioridadParticipacion, OID_Tut, OID_Vol) VALUES ('61188453K', 0.65, 'alta', 5, 5);
INSERT INTO PARTICIPANTES(dni, gradoDiscapacidad, prioridadParticipacion, OID_Tut, OID_Vol) VALUES ('64090012E', 0.55, 'media', 6, 6);
INSERT INTO PARTICIPANTES(dni, gradoDiscapacidad, prioridadParticipacion, OID_Tut, OID_Vol) VALUES ('89125642G', 0.6, 'alta', 7, 2);
INSERT INTO PARTICIPANTES(dni, gradoDiscapacidad, prioridadParticipacion, OID_Tut, OID_Vol) VALUES ('23559156L', 0.38, 'media', 8, 7);

-- Insertar INSTITUCIONES
INSERT INTO INSTITUCIONES VALUES ('A87674532', 'El Corte Inglés, S.A.', '654123987', 'C/ Preciados, 1',
    'Madrid', 'Madrid', '28001', 'contacto@elcorteingles.com');
INSERT INTO INSTITUCIONES VALUES ('A33219876', 'BBVA', '672129086', 'C/ Colón, 2',
    'Madrid', 'Madrid', '28001', 'contacto@bbva.com');
INSERT INTO INSTITUCIONES VALUES ('A58223209', 'Banco Santander', '678943212', 'C/ Gran Vía, 22',
    'Madrid', 'Madrid', '28001', 'contacto@santander.com');
INSERT INTO INSTITUCIONES VALUES ('B78998456', 'Fundación AMISA', '677213157', 'C/ Vuelos Altos, 14',
    'Madrid', 'Madrid', '28004', 'mail@amisa.es');
INSERT INTO INSTITUCIONES VALUES ('H45681524', 'Deportiteka S.L.', '651675440', 'C/ Milagros, 74',
    'Madrid', 'Madrid', '28005', 'contacto@deportiteka.com');
INSERT INTO INSTITUCIONES VALUES ('U21036954', 'Materiales Domínguez S.L.', '639553337', 'C/ Danubio, 12, 4ºB',
    'Madrid', 'Madrid', '28002', 'm_dominguez@gmail.com');